	wonka.CHOCOLATE_FACTORY	wonka.VEHICLE_TESTBED
wonka.CHOCOLATE_FACTORY	0.9999999999999999	0.9068480485060504
wonka.VEHICLE_TESTBED	0.9068480485060504	0.9999999999999998
